,Name,ReleaseYear,Duration_min,NumberOfRatings,NumberOfReviews,NumberOfCriticReviews,Rating
0,Shershaah,2021,135,58000,2000,23,8.8
1,Once Upon a Time... In Hollywood,2019,161,623000,5500,646,7.6
2,Zack Snyder's Justice League,2021,242,328000,7700,289,8.1
3,The Shawshank Redemption,1994,142,240000,9300,185,9.3
4,The Godfather,1972,175,170000,4500,267,9.2
5,Jaws,1975,124,562000,1300,282,8.0
6,Guardians of the Galaxy,2014,121,110000,1400,728,8.0
7,Avengers: Endgame,2019,181,924000,9200,583,8.4
8,The Wolf of Wall Street,2013,180,130000,1600,646,8.2
9,Harry Potter and the Sorcerer's Stone,2001,152,693000,1800,272,7.6
10,Joker,2019,122,110000,11000,741,8.4
11,The Dark Knight,2008,152,240000,7500,434,9.0
12,Knives Out,2019,130,516000,2600,478,7.9
13,Pulp Fiction,1994,154,190000,3200,296,8.9
14,Interstellar,2014,169,160000,4600,634,8.6
15,The Lord of the Rings: The Fellowship of the Ring,2001,178,170000,5500,349,8.8
16,Forrest Gump,1994,142,190000,2700,169,8.8
17,The Matrix,1999,136,170000,4500,348,8.7
18,Back to the Future,1985,116,110000,1300,266,8.5
19,Inception,2010,148,220000,4300,484,8.8
20,Django Unchained,2012,165,140000,1600,664,8.4
21,Parasite,2019,132,647000,3200,595,8.6
22,Tombstone,1993,130,134000,547,89,7.8
23,Guardians of the Galaxy Vol. 2,2017,136,605000,1100,592,7.6
24,Titanic,1997,194,110000,3000,341,7.8
25,Thor: Ragnarok,2017,130,639000,1700,529,7.9
26,Inglourious Basterds,2009,153,130000,1900,406,8.3
27,The Gentlemen,2019,113,277000,1500,289,7.8
28,Blade Runner 2049,2017,164,493000,2300,641,8.0
29,The Father,2020,97,87000,711,268,8.3
30,The Departed,2006,151,120000,2400,300,8.5
31,Jurassic Park,1993,127,903000,1200,360,8.1
32,Another Round,2020,117,101000,375,244,7.8
33,Ferris Bueller's Day Off,1986,103,333000,628,151,7.8
34,Avengers: Infinity War,2018,149,913000,4400,623,8.4
35,Dazed and Confused,1993,102,173000,508,176,7.6
36,Goodfellas,1990,146,110000,1400,152,8.7
37,Alien,1979,117,818000,1500,312,8.4
38,Heat,1995,170,603000,1100,224,8.2
39,Deadpool,2016,108,942000,1500,665,8.0
40,Prisoners,2013,153,632000,1000,501,8.1
41,Star Trek,2009,127,588000,1600,529,7.9
42,Se7en,1995,127,150000,1600,233,8.6
43,Gone Girl,2014,149,901000,1600,633,8.1
44,Deadpool 2,2018,119,513000,1300,532,7.7
45,Fight Club,1999,139,190000,4000,382,8.8
46,Catch Me If You Can,2002,141,878000,920,210,8.1
47,The Big Lebowski,1998,117,762000,1300,199,8.1
48,Aliens,1986,137,675000,1400,217,8.3
49,Pirates of the Caribbean: The Curse of the Black Pearl,2003,143,100000,2200,293,8.0
50,Shutter Island,2010,138,120000,1400,530,8.2
51,American Psycho,2000,101,521000,1300,322,7.6
52,The Dark Knight Rises,2012,164,160000,3400,557,8.4
53,Requiem for a Dream,2000,102,792000,2200,263,8.3
54,Saving Private Ryan,1998,169,130000,2700,274,8.6
55,Gladiator,2000,155,140000,2700,219,8.5
56,Jojo Rabbit,2019,108,334000,1700,430,7.9
57,Watchmen,2009,162,524000,1500,490,7.6
58,No Country for Old Men,2007,122,895000,1900,529,8.1
59,The Goonies,1985,114,254000,539,126,7.8
60,Bohemian Rhapsody,2018,134,481000,3400,421,7.9
61,The Silence of the Lambs,1991,118,130000,1400,241,8.6
62,The Hobbit: An Unexpected Journey,2012,169,777000,1400,674,7.8
63,Indiana Jones and the Raiders of the Lost Ark,1981,115,913000,1000,272,8.4
64,There Will Be Blood,2007,158,541000,1400,352,8.2
65,The Prestige,2006,130,120000,1500,368,8.5
66,The Green Mile,1999,189,120000,1900,213,8.6
67,1917,2019,119,483000,3200,504,8.3
68,Avatar,2009,162,120000,3500,479,7.8
69,The Godfather: Part II,1974,202,120000,1100,189,9.0
70,Schindler's List,1993,195,130000,2000,179,8.9
71,Ford v Ferrari,2019,152,330000,1500,350,8.1
72,The Fifth Element,1997,126,447000,908,188,7.7
73,Little Women,2019,135,162000,1000,353,7.8
74,Harry Potter and the Deathly Hallows: Part 2,2011,130,798000,1000,490,8.1
75,The Hangover,2009,100,739000,767,350,7.7
76,Ocean's Eleven,2001,116,536000,978,123,7.7
77,Soul,2020,100,272000,1700,344,8.1
78,Harry Potter and the Goblet of Fire,2005,157,571000,2000,322,7.7
79,Stand by Me,1986,89,378000,731,140,8.1
80,Mulholland Dr.,2001,147,336000,2000,247,7.9
81,The Shining,1980,146,936000,2000,360,8.4
82,Moana,2016,107,294000,582,402,7.6
83,Kingsman: The Secret Service,2014,129,613000,991,465,7.7
84,Mad Max: Fury Road,2015,120,921000,2100,840,8.1
85,The Avengers,2012,143,130000,2000,763,8.0
86,Black Swan,2010,108,721000,1300,709,8.0
87,Good Will Hunting,1997,126,895000,955,166,8.3
88,Léon: The Professional,1994,110,110000,1300,146,8.5
89,Boogie Nights,1997,155,249000,636,189,7.9
90,Ghostbusters,1984,105,371000,608,268,7.8
91,The Mitchells vs the Machines,2021,113,72000,701,188,7.7
92,Sicario,2015,121,390000,799,552,7.6
93,The Lord of the Rings: The Return of the King,2003,201,170000,3800,359,8.9
94,Star Wars: Episode IV - A New Hope,1977,121,130000,1900,201,8.6
95,The Hateful Eight,2015,168,546000,1500,568,7.8
96,Scarface,1983,170,774000,1100,184,8.3
97,Hamilton,2020,160,72000,632,104,8.4
98,Snatch,2000,102,808000,880,168,8.3
99,Apocalypse Now,1979,147,627000,1200,316,8.4
100,The Princess Bride,1987,98,406000,917,227,8.1
101,Whiplash,2014,106,757000,1400,592,8.5
102,Rogue One: A Star Wars Story,2016,133,577000,1800,719,7.8
103,The Irishman,2019,209,348000,2800,445,7.8
104,Iron Man,2008,126,978000,1400,550,7.9
105,The Usual Suspects,1995,106,100000,1400,151,8.5
106,Blade Runner,1982,117,718000,1600,276,8.1
107,American Beauty,1999,122,110000,2900,206,8.3
108,Call Me by Your Name,2017,132,233000,1000,447,7.9
109,A Clockwork Orange,1971,136,782000,1600,188,8.3
110,Batman Begins,2005,140,140000,3000,332,8.2
111,Kill Bill: Vol. 1,2003,111,100000,2300,341,8.1
112,Pride & Prejudice,2005,129,271000,1200,105,7.8
113,Almost Famous,2000,122,264000,907,170,7.9
114,Reservoir Dogs,1992,99,953000,1200,197,8.3
115,Spider-Man: Into the Spider-Verse,2018,117,420000,2000,414,8.4
116,The Game,1997,129,366000,740,179,7.7
117,True Romance,1993,119,216000,577,149,7.9
118,300,2006,117,754000,2200,482,7.6
119,Taxi Driver,1976,114,757000,1200,302,8.2
120,The Girl with the Dragon Tattoo,2011,158,438000,785,543,7.8
121,Get Out,2017,104,525000,1700,492,7.7
122,The Hobbit: The Desolation of Smaug,2013,161,619000,1000,540,7.8
123,The Grand Budapest Hotel,2014,99,740000,951,579,8.1
124,Terminator 2: Judgment Day,1991,137,100000,1300,308,8.5
125,Edge of Tomorrow,2014,113,627000,1000,634,7.9
126,Magnolia,1999,188,298000,1500,225,8.0
127,Harry Potter and the Prisoner of Azkaban,2004,142,577000,1600,299,7.9
128,Memento,2000,113,120000,2300,233,8.4
129,Arrival,2016,116,628000,2000,735,7.9
130,Captain Fantastic,2016,118,203000,542,320,7.9
131,Zodiac,2007,157,492000,884,423,7.7
132,Baby Driver,2017,113,472000,1200,595,7.6
133,The Peanut Butter Falcon,2019,97,81000,544,225,7.6
134,Green Book,2018,130,421000,1600,419,8.2
135,Eternal Sunshine of the Spotless Mind,2004,108,943000,1900,312,8.3
136,Nightcrawler,2014,117,492000,877,572,7.8
137,Dunkirk,2017,106,590000,2500,635,7.8
138,Primal Fear,1996,129,198000,350,80,7.7
139,The Good  the Bad and the Ugly,1966,178,714000,1200,145,8.8
140,What We Do in the Shadows,2014,86,166000,376,316,7.7
141,The Lord of the Rings: The Two Towers,2002,179,150000,2600,327,8.7
142,12 Angry Men,1957,96,724000,1800,159,9.0
143,Psycho,1960,109,627000,1400,246,8.5
144,Brokeback Mountain,2005,134,336000,2300,238,7.7
145,Mystic River,2003,138,435000,1000,239,7.9
146,Harry Potter and the Deathly Hallows: Part 1,2010,146,499000,740,447,7.7
147,About Time,2013,123,320000,772,283,7.8
148,Spirited Away,2001,125,688000,1400,202,8.6
149,Inside Man,2006,129,352000,758,235,7.6
150,Braveheart,1995,178,985000,1300,155,8.3
151,Die Hard,1988,132,817000,1000,214,8.2
152,The Revenant,2015,156,737000,1700,653,8.0
153,The Martian,2015,144,790000,1400,635,8.0
154,The Sandlot,1993,101,84000,206,60,7.8
155,The Breakfast Club,1985,97,370000,937,164,7.8
156,Full Metal Jacket,1987,116,698000,898,172,8.3
157,The Lion King,1994,88,978000,1000,229,8.5
158,Ex Machina,2014,108,498000,983,428,7.7
159,Captain America: Civil War,2016,147,703000,1400,673,7.8
160,The Terminator,1984,107,818000,974,247,8.0
161,Spotlight,2015,129,439000,655,508,8.1
162,One Flew Over the Cuckoo's Nest,1975,133,949000,1000,186,8.7
163,Trainspotting,1996,93,653000,649,154,8.1
164,Casino Royale,2006,144,598000,2400,189,8.0
165,City of God,2002,130,719000,1000,219,8.6
166,Mission: Impossible - Fallout,2018,147,306000,1700,473,7.7
167,Indiana Jones and the Last Crusade,1989,127,714000,623,181,8.2
168,Atonement,2007,123,261000,691,312,7.8
169,Demon Slayer: Mugen Train,2020,117,32000,304,40,8.3
170,The Hunt,2012,115,300000,491,382,8.3
171,Fargo,1996,98,640000,1000,242,8.1
172,The Pianist,2002,150,765000,995,161,8.5
173,Silver Linings Playbook,2012,122,678000,896,482,7.7
174,The Sixth Sense,1999,107,938000,2200,267,8.1
175,Star Trek Into Darkness,2013,132,471000,1200,632,7.7
176,My Cousin Vinny,1992,120,113000,288,55,7.6
177,Room,2015,118,390000,753,485,8.1
178,Oldboy,2003,120,537000,1000,342,8.4
179,Sound of Metal,2019,120,102000,547,263,7.8
180,Come and See,1985,142,67000,574,131,8.3
181,Donnie Darko,2001,113,761000,2300,382,8.0
182,Into the Wild,2007,148,592000,1000,250,8.1
183,The Big Short,2015,130,386000,605,489,7.8
184,Logan,2017,137,682000,1600,651,8.1
185,Captain America: The Winter Soldier,2014,136,772000,1000,620,7.7
186,The Truman Show,1998,103,982000,1200,250,8.1
187,Coco,2017,105,426000,1200,416,8.4
188,Harry Potter and the Half-Blood Prince,2009,153,496000,1100,400,7.6
189,Home Alone,1990,103,505000,511,103,7.6
190,Drive,2011,100,592000,1600,716,7.8
191,Cast Away,2000,143,548000,1200,108,7.8
192,La La Land,2016,128,533000,1900,708,8.0
193,Moneyball,2011,133,388000,467,437,7.6
194,A Star Is Born,2018,136,353000,2700,465,7.6
195,Hacksaw Ridge,2016,139,463000,996,477,8.1
196,2001: A Space Odyssey,1968,149,626000,2300,281,8.3
197,The Machinist,2004,101,369000,570,217,7.7
198,The Deer Hunter,1978,183,323000,1100,142,8.1
199,Zootopia,2016,108,455000,786,485,8.0
200,Stardust,2007,127,262000,598,237,7.6
201,Sin City,2005,124,748000,1800,390,8.0
202,A Few Good Men,1992,138,245000,432,93,7.7
203,The Thing,1982,109,388000,1200,366,8.1
204,Three Billboards Outside Ebbing  Missouri,2017,115,462000,1200,571,8.1
205,Her,2013,126,564000,1100,630,8.0
206,American History X,1998,119,110000,1600,128,8.5
207,The Intouchables,2011,112,792000,711,332,8.5
208,Ratatouille,2007,111,666000,804,332,8.0
209,V for Vendetta,2005,132,110000,2300,203,8.1
210,The Handmaiden,2016,145,126000,283,344,8.1
211,Life Is Beautiful,1997,116,648000,1300,159,8.6
212,Changeling,2008,141,246000,470,280,7.7
213,Apocalypto,2006,139,298000,1200,298,7.8
214,Unforgiven,1992,130,390000,639,134,8.2
215,Blood Diamond,2006,143,516000,752,183,8.0
216,The Notebook,2004,123,538000,1300,145,7.8
217,Once Upon a Time in America,1984,229,326000,727,137,8.4
218,Gone Baby Gone,2007,114,261000,617,270,7.6
219,Creed,2015,133,257000,554,506,7.6
220,Star Wars: Episode VI - Return of the Jedi,1983,131,982000,900,208,8.3
221,Kick-Ass,2010,117,538000,870,474,7.6
222,The Exorcist,1973,122,375000,1300,225,8.0
223,Predator,1987,107,385000,857,276,7.8
224,Midnight in Paris,2011,94,401000,685,535,7.7
225,The Graduate,1967,106,262000,791,196,8.0
226,Hot Fuzz,2007,121,480000,878,304,7.8
227,Memories of Murder,2003,132,156000,326,173,8.1
228,The Social Network,2010,120,650000,955,438,7.7
229,Star Wars: Episode VII - The Force Awakens,2015,138,882000,4900,912,7.8
230,Dead Poets Society,1989,128,446000,703,113,8.1
231,Argo,2012,120,588000,841,678,7.7
232,The Trial of the Chicago 7,2020,129,155000,651,294,7.8
233,Willy Wonka & the Chocolate Factory,1971,100,187000,437,102,7.8
234,Minority Report,2002,145,524000,1400,267,7.6
235,Star Wars: Episode V - The Empire Strikes Back,1980,124,120000,1300,237,8.7
236,Rear Window,1954,112,462000,926,172,8.5
237,Big Fish,2003,125,426000,909,253,8.0
238,The Curious Case of Benjamin Button,2008,166,610000,1000,323,7.8
239,Casino,1995,178,485000,693,115,8.2
240,Your Name.,2016,106,221000,853,238,8.4
241,As Good as It Gets,1997,139,285000,575,136,7.7
242,The Thin Red Line,1998,170,179000,1500,182,7.6
243,Wind River,2017,107,220000,683,385,7.7
244,Office Space,1999,89,250000,684,119,7.7
245,The Wizard of Oz,1939,102,379000,746,177,8.0
246,Saw,2004,103,395000,1600,234,7.6
247,Blazing Saddles,1974,93,131000,449,107,7.7
248,The Perks of Being a Wallflower,2012,103,479000,707,392,7.9
249,Rush,2013,123,450000,620,428,8.1
250,Marriage Story,2019,137,269000,1300,353,7.9
251,The Incredibles,2004,115,678000,984,244,8.0
252,Halloween,1978,91,242000,1500,441,7.7
253,Road to Perdition,2002,117,256000,1000,215,7.7
254,Scent of a Woman,1992,156,277000,455,61,8.0
255,Incendies,2010,131,160000,286,248,8.3
256,Skyfall,2012,143,646000,1600,529,7.7
257,The Bourne Identity,2002,119,522000,948,255,7.9
258,The Imitation Game,2014,114,713000,907,493,8.0
259,Rocky,1976,120,537000,751,195,8.1
260,Monsters  Inc.,2001,92,846000,734,249,8.1
261,American Gangster,2007,157,404000,533,306,7.8
262,Training Day,2001,122,407000,751,123,7.7
263,The Godfather: Part III,1990,162,373000,739,132,7.6
264,Pan's Labyrinth,2006,118,636000,1300,463,8.2
265,A Beautiful Mind,2001,135,877000,1300,157,8.2
266,E.T. the Extra-Terrestrial,1982,115,386000,650,264,7.8
267,L.A. Confidential,1997,138,549000,763,143,8.2
268,Gran Torino,2008,116,739000,1000,376,8.1
269,Back to the Future Part II,1989,108,499000,462,149,7.8
270,Platoon,1986,120,394000,642,143,8.1
271,Lock  Stock and Two Smoking Barrels,1998,107,553000,614,118,8.2
272,Warrior,2011,140,448000,750,345,8.1
273,Hidden Figures,2016,127,211000,555,434,7.8
274,Black Hawk Down,2001,144,375000,1100,222,7.7
275,Howl's Moving Castle,2004,119,354000,495,253,8.2
276,Edward Scissorhands,1990,105,459000,710,115,7.9
277,12 Years a Slave,2013,134,662000,930,490,8.1
278,Inside Out,2015,95,649000,1100,597,8.1
279,The Help,2011,146,438000,616,303,8.0
280,Little Miss Sunshine,2006,101,453000,988,249,7.8
281,Blue Is the Warmest Colour,2013,180,144000,363,448,7.7
282,Toy Story 4,2019,100,220000,1300,395,7.7
283,500 Days of Summer,2009,95,486000,674,355,7.7
284,Amadeus,1984,160,381000,679,126,8.3
285,Dallas Buyers Club,2013,117,459000,430,401,8.0
286,Vertigo,1958,128,380000,959,200,8.3
287,Children of Men,2006,109,477000,1400,330,7.9
288,The Sound of Music,1965,172,215000,523,141,8.0
289,Dances with Wolves,1990,181,249000,505,88,8.0
290,Tangled,2010,100,421000,525,346,7.7
291,Shrek,2001,90,636000,1100,176,7.9
292,Chinatown,1974,130,308000,579,160,8.2
293,The Magnificent Seven,1960,128,91000,307,137,7.7
294,Train to Busan,2016,118,184000,880,396,7.6
295,Zombieland,2009,88,539000,752,495,7.6
296,Wonder,2017,113,152000,540,240,8.0
297,The Blind Side,2009,129,305000,546,278,7.6
298,Manchester by the Sea,2016,137,260000,870,510,7.8
299,The Invisible Guest,2016,106,159000,511,71,8.1
300,Fantastic Mr. Fox,2009,87,211000,360,351,7.9
301,Casablanca,1942,102,540000,1400,210,8.5
302,Amélie,2001,122,722000,1500,146,8.3
303,Toy Story,1995,81,922000,686,166,8.3
304,The Florida Project,2017,111,102000,529,381,7.6
305,Kill Bill: Vol. 2,2004,137,710000,1000,310,8.0
306,Despicable Me,2010,95,515000,391,191,7.6
307,Lost in Translation,2003,102,431000,2000,288,7.7
308,Taken,2008,90,578000,1100,276,7.8
309,Airplane!,1980,88,223000,551,137,7.7
310,The Fugitive,1993,130,277000,366,137,7.8
311,Finding Nemo,2003,100,980000,1000,156,8.1
312,Million Dollar Baby,2004,132,655000,1200,270,8.1
313,Crash,2004,112,427000,1700,290,7.7
314,Moonrise Kingdom,2012,94,330000,474,512,7.8
315,Just Mercy,2019,137,55000,438,212,7.6
316,Portrait of a Lady on Fire,2019,122,76000,424,286,8.1
317,Only the Brave,2017,134,63000,234,180,7.6
318,The Outlaw Josey Wales,1976,135,69000,240,55,7.8
319,District 9,2009,112,652000,1400,500,7.9
320,Hunt for the Wilderpeople,2016,101,119000,320,227,7.9
321,Flipped,2010,90,86000,206,80,7.7
322,Birdman or (The Unexpected Virtue of Ignorance),2014,119,598000,1400,635,7.7
323,The Last of the Mohicans,1992,112,158000,486,90,7.7
324,Remember the Titans,2000,113,204000,465,134,7.8
325,Hell or High Water,2016,102,213000,474,309,7.6
326,Up,2009,96,970000,992,423,8.2
327,Sherlock Holmes,2009,128,600000,730,428,7.6
328,Before Sunrise,1995,101,285000,555,158,8.1
329,Capharnaüm,2018,126,73000,429,194,8.4
330,Giant,1956,201,37000,192,120,7.6
331,The Others,2001,104,349000,1200,167,7.6
332,Dark Waters,2019,126,71000,449,227,7.6
333,WALL·E,2008,98,100000,1300,274,8.4
334,Grave of the Fireflies,1988,89,250000,846,134,8.5
335,Who Framed Roger Rabbit,1988,104,190000,311,147,7.7
336,X-Men: First Class,2011,131,661000,804,532,7.7
337,Dr. Strangelove or: How I Learned to Stop Worrying and Love the Bomb,1964,95,466000,1000,235,8.4
338,The Untouchables,1987,119,293000,553,145,7.9
339,Rain Man,1988,133,488000,478,101,8.0
340,Apollo 13,1995,140,279000,419,165,7.6
341,The Lives of Others,2006,137,371000,534,227,8.4
342,Deliverance,1972,109,103000,426,145,7.7
343,Shaun of the Dead,2004,99,529000,1000,279,7.9
344,Seven Samurai,1954,207,327000,767,143,8.6
345,Lion,2016,118,223000,590,363,8.0
346,Gone with the Wind,1939,238,300000,920,203,8.1
347,3 Idiots,2009,170,365000,825,60,8.4
348,The Warriors,1979,92,97000,494,153,7.6
349,How to Train Your Dragon,2010,98,690000,673,195,8.1
350,Dark City,1998,100,193000,723,229,7.6
351,O Brother  Where Art Thou?,2000,107,297000,944,108,7.7
352,12 Monkeys,1995,129,594000,700,201,8.0
353,Serenity,2005,119,288000,1600,208,7.8
354,Slumdog Millionaire,2008,120,816000,1200,420,8.0
355,Princess Mononoke,1997,134,362000,758,209,8.4
356,The Blues Brothers,1980,133,189000,446,120,7.9
357,X-Men: Days of Future Past,2014,132,677000,856,576,7.9
358,Walk the Line,2005,136,240000,919,272,7.8
359,Once Upon a Time in the West,1968,165,313000,768,155,8.5
360,Life of Pi,2012,127,598000,963,575,7.9
361,The Royal Tenenbaums,2001,110,275000,1000,232,7.6
362,Coraline,2009,100,207000,432,340,7.7
363,What's Eating Gilbert Grape,1993,118,224000,385,93,7.7
364,The Fault in Our Stars,2014,126,355000,727,340,7.7
365,First Blood,1982,93,237000,517,207,7.7
366,Do the Right Thing,1989,120,95000,524,114,8.0
367,Incredibles 2,2018,118,267000,1100,404,7.6
368,Cool Hand Luke,1967,127,169000,361,136,8.1
369,Blue Velvet,1986,120,188000,786,237,7.7
370,The Pursuit of Happyness,2006,117,470000,864,194,8.0
371,True Grit,2010,110,321000,836,532,7.6
372,Downfall,2004,156,341000,662,114,8.2
373,Citizen Kane,1941,119,420000,1500,269,8.3
374,A Bronx Tale,1993,121,133000,237,56,7.8
375,Mary Poppins,1964,139,163000,347,111,7.8
376,The Skin I Live In,2011,120,144000,222,430,7.6
377,The Last Samurai,2003,154,413000,1000,173,7.7
378,Gattaca,1997,106,289000,792,181,7.8
379,Man on Fire,2004,146,339000,815,158,7.7
380,My Fair Lady,1964,170,90000,358,108,7.8
381,Misery,1990,107,194000,442,177,7.8
382,Sense and Sensibility,1995,136,108000,264,58,7.7
383,Moon,2009,97,344000,662,453,7.8
384,The Bourne Ultimatum,2007,115,615000,919,337,8.0
385,Fear and Loathing in Las Vegas,1998,118,268000,736,159,7.6
386,The Butterfly Effect,2004,113,464000,1200,181,7.6
387,Monty Python and the Holy Grail,1975,91,515000,801,110,8.2
388,In the Mood for Love,2000,98,135000,454,26,8.1
389,Gravity,2013,91,789000,2100,791,7.7
390,The Birds,1963,119,178000,595,179,7.7
391,Y Tu Mamá También,2001,106,119000,413,173,7.6
392,Close Encounters of the Third Kind,1977,138,191000,475,243,7.6
393,Sling Blade,1996,135,91000,338,93,8.0
394,Barry Lyndon,1975,185,157000,500,115,8.1
395,Boyz n the Hood,1991,112,132000,253,82,7.8
396,Big Hero 6,2014,102,427000,591,421,7.8
397,The Bourne Supremacy,2004,108,445000,875,252,7.7
398,Aladdin,1992,90,385000,361,157,8.0
399,Empire of the Sun,1987,153,120000,368,70,7.7
400,Captain Phillips,2013,134,436000,669,516,7.8
401,Rosemary's Baby,1968,137,203000,605,272,8.0
402,It's a Wonderful Life,1946,130,420000,1000,185,8.6
403,Mulan,1998,88,267000,366,130,7.6
404,The Count of Monte Cristo,2002,131,133000,619,116,7.7
405,The Boondock Saints,1999,108,232000,967,114,7.7
406,Planet of the Apes,1968,112,171000,468,169,8.0
407,Mr. Nobody,2009,141,223000,449,143,7.8
408,A Fistful of Dollars,1964,99,206000,325,116,8.0
409,Wreck-It Ralph,2012,101,394000,469,404,7.7
410,Isle of Dogs,2018,101,150000,458,404,7.9
411,Donnie Brasco,1997,127,290000,317,116,7.7
412,In Bruges,2008,107,401000,663,325,7.9
413,Beauty and the Beast,1991,84,427000,459,214,8.0
414,Lethal Weapon,1987,109,245000,353,133,7.6
415,Lawrence of Arabia,1962,228,278000,715,160,8.3
416,The Wrestler,2008,109,296000,625,336,7.9
417,Dog Day Afternoon,1975,125,245000,344,93,8.0
418,Gifted,2017,101,107000,288,209,7.6
419,The Theory of Everything,2014,123,421000,546,438,7.7
420,Raging Bull,1980,129,334000,636,154,8.2
421,Groundhog Day,1993,101,594000,837,136,8.0
422,I Saw the Devil,2010,144,118000,371,288,7.8
423,Akira,1988,124,173000,577,139,8.0
424,Match Point,2005,124,211000,811,281,7.6
425,A Silent Voice: The Movie,2016,130,61000,290,89,8.2
426,Dangal,2016,161,169000,439,65,8.4
427,Toy Story 3,2010,103,782000,935,481,8.2
428,The Bridges of Madison County,1995,135,76000,267,81,7.6
429,Who's Afraid of Virginia Woolf?,1966,131,73000,318,105,8.0
430,Stalker,1979,162,125000,458,170,8.1
431,Cinema Paradiso,1988,155,243000,561,134,8.5
432,The Nightmare Before Christmas,1993,76,308000,575,230,8.0
433,Bridge of Spies,2015,142,298000,502,507,7.6
434,Das Boot,1981,149,239000,537,118,8.3
435,The Fall,2006,117,109000,366,196,7.8
436,North by Northwest,1959,136,311000,665,185,8.3
437,Straight Outta Compton,2015,147,187000,403,386,7.8
438,The Longest Day,1962,178,54000,246,58,7.8
439,Mad Max 2,1981,96,172000,370,210,7.6
440,Mississippi Burning,1988,128,94000,220,74,7.8
441,JFK,1991,189,148000,522,89,8.0
442,Before Midnight,2013,109,148000,348,443,7.9
443,Hachi: A Dog's Tale,2009,93,265000,554,97,8.1
444,Philadelphia,1993,125,231000,313,72,7.7
445,Clerks,1994,92,216000,660,130,7.7
446,The Secret in Their Eyes,2009,129,200000,333,285,8.2
447,The Killing Fields,1984,141,53000,216,81,7.8
448,Dogville,2003,178,143000,661,159,8.0
449,Awakenings,1990,121,132000,234,49,7.8
450,Adaptation.,2002,115,185000,769,106,7.7
451,Breakfast at Tiffany's,1961,115,172000,487,194,7.6
452,Boyhood,2014,165,344000,1000,589,7.9
453,Brazil,1985,132,194000,611,266,7.9
454,The King's Speech,2010,118,655000,784,485,8.0
455,Perfect Blue,1997,81,65000,243,133,8.0
456,Being John Malkovich,1999,113,322000,910,265,7.7
457,The Insider,1999,157,165000,564,217,7.8
458,Eastern Promises,2007,100,234000,445,294,7.6
459,For a Few Dollars More,1965,132,242000,316,96,8.2
460,My Neighbor Totoro,1988,86,308000,524,144,8.2
461,Seven Pounds,2008,123,293000,724,212,7.6
462,Paris  Texas,1984,145,98000,282,109,8.1
463,The Boy in the Striped Pajamas,2008,94,198000,513,145,7.8
464,The Fighter,2010,116,350000,471,420,7.8
465,When Harry Met Sally...,1989,95,204000,356,136,7.6
466,Kung Fu Hustle,2004,99,132000,450,380,7.7
467,The Naked Gun: From the Files of Police Squad!,1988,85,160000,242,101,7.6
468,Battle Royale,2000,114,174000,679,213,7.6
469,The Dirty Dozen,1967,150,70000,198,96,7.7
470,3:10 to Yuma,2007,122,297000,668,306,7.7
471,The Sting,1973,129,249000,330,138,8.3
472,Chungking Express,1994,102,70000,207,115,8.1
473,The Ten Commandments,1956,220,67000,316,86,7.9
474,End of Watch,2012,109,234000,444,376,7.6
475,Toy Story 2,1999,92,546000,651,212,7.9
476,The Seventh Seal,1957,96,174000,379,134,8.2
477,The Girl with the Dragon Tattoo,2009,152,212000,328,339,7.8
478,Dirty Harry,1971,102,148000,389,149,7.7
479,The Holy Mountain,1973,114,40000,177,106,7.9
480,Some Like It Hot,1959,121,253000,461,230,8.2
481,The Lego Movie,2014,100,334000,581,466,7.7
482,Sunset Blvd.,1950,110,210000,658,188,8.4
483,Blood Simple,1984,99,92000,338,154,7.6
484,Carlito's Way,1993,144,208000,351,111,7.9
485,This Is Spinal Tap,1984,82,134000,391,96,7.9
486,The Raid: Redemption,2011,101,196000,442,522,7.6
487,The Color Purple,1985,154,82000,254,83,7.8
488,Before Sunset,2004,80,246000,578,236,8.1
489,Young Frankenstein,1974,106,149000,386,125,8.0
490,Fried Green Tomatoes,1991,130,70000,210,45,7.7
491,The Elephant Man,1980,124,229000,449,163,8.1
492,Searching,2018,102,150000,1200,254,7.6
493,The Last Picture Show,1971,118,45000,205,96,8.0
494,To Kill a Mockingbird,1962,129,303000,587,166,8.3
495,The Great Escape,1963,172,233000,391,119,8.2
496,Paddington 2,2017,103,67000,274,431,7.8
497,Out of the Past,1947,97,35000,260,151,8.0
498,Once,2007,86,113000,374,244,7.8
499,Neon Genesis Evangelion: The End of Evangelion,1997,87,45000,206,17,8.1
500,This Is England,2006,101,118000,223,176,7.7
501,Wild Tales,2014,122,186000,260,319,8.1
502,Ran,1985,162,118000,310,170,8.2
503,Die Hard with a Vengeance,1995,128,372000,417,178,7.6
504,Rushmore,1998,93,175000,682,192,7.7
505,Crouching Tiger  Hidden Dragon,2000,120,260000,1700,289,7.8
506,The Conversation,1974,113,105000,412,179,7.8
507,Monty Python's Life of Brian,1979,94,380000,428,118,8.1
508,Ben-Hur,1959,212,228000,470,136,8.1
509,The Man from Earth,2007,87,180000,928,82,7.9
510,La Haine,1995,98,159000,240,139,8.1
511,Spartacus,1960,197,129000,344,132,7.9
512,Strangers on a Train,1951,101,129000,355,125,8.0
513,Lucky Number Slevin,2006,110,305000,561,191,7.7
514,Lost Highway,1997,134,136000,518,172,7.6
515,50/50,2011,100,321000,454,342,7.6
516,Butch Cassidy and the Sundance Kid,1969,110,208000,447,110,8.0
517,The African Queen,1951,105,76000,267,91,7.8
518,Naked,1993,132,37000,147,50,7.8
519,Glengarry Glen Ross,1992,100,100000,428,125,7.7
520,Singin' in the Rain,1952,103,227000,747,165,8.3
521,All About Eve,1950,138,125000,392,149,8.2
522,Tumbbad,2018,104,36000,807,57,8.3
523,A Man for All Seasons,1966,120,33000,201,82,7.7
524,Metropolis,1927,153,166000,517,219,8.3
525,The Jungle Book,1967,78,172000,181,124,7.6
526,The French Connection,1971,104,115000,352,174,7.7
527,Raatchasan,2018,170,34000,524,10,8.5
528,The Double Life of Véronique,1991,98,45000,137,95,7.8
529,Wait Until Dark,1967,108,29000,205,77,7.8
530,Midnight Cowboy,1969,113,106000,410,134,7.8
531,The Last King of Scotland,2006,123,180000,379,243,7.7
532,The King of Comedy,1982,109,96000,315,120,7.8
533,The Wild Bunch,1969,135,81000,347,132,7.9
534,Enemy at the Gates,2001,131,251000,727,104,7.6
535,Soorarai Pottru,2020,153,88000,2000,18,9.1
536,The Iron Giant,1999,86,179000,605,145,8.0
537,Guess Who's Coming to Dinner,1967,108,42000,422,75,7.8
538,Bonnie and Clyde,1967,111,108000,499,117,7.8
539,A Separation,2011,123,230000,403,385,8.3
540,Enter the Dragon,1973,102,100000,333,176,7.7
541,Star Trek II: The Wrath of Khan,1982,113,116000,416,120,7.7
542,Fallen Angels,1995,99,32000,92,87,7.7
543,Annie Hall,1977,93,257000,550,155,8.0
544,Sing Street,2016,106,89000,217,329,7.9
545,Billy Elliot,2000,110,130000,477,83,7.7
546,Roma,2018,135,147000,1100,422,7.7
547,Hara-Kiri,1962,133,48000,272,78,8.6
548,Blood In  Blood Out,1993,180,30000,142,16,8.0
549,Network,1976,121,152000,417,187,8.1
550,On the Waterfront,1954,108,148000,361,171,8.1
551,What Ever Happened to Baby Jane?,1962,134,53000,262,115,8.1
552,Dawn of the Dead,1978,127,115000,748,172,7.9
553,Ordinary People,1980,124,49000,337,75,7.7
554,In the Name of the Father,1993,133,165000,204,62,8.1
555,Goldfinger,1964,110,179000,525,137,7.7
556,Ponyo,2008,101,132000,222,158,7.7
557,Night of the Living Dead,1968,96,121000,694,232,7.9
558,Ip Man,2008,106,216000,235,118,8.0
559,After Hours,1985,97,64000,252,115,7.7
560,Dil Chahta Hai,2001,183,69000,125,31,8.1
561,Where Eagles Dare,1968,158,55000,292,61,7.6
562,Rebecca,1940,130,130000,375,212,8.1
563,The Apartment,1960,125,171000,373,247,8.3
564,Papillon,1973,151,126000,227,80,8.0
565,Patton,1970,172,98000,304,130,7.9
566,Klaus,2019,96,118000,746,114,8.2
567,Andhadhun,2018,139,81000,899,36,8.2
568,Kiki's Delivery Service,1989,103,132000,247,123,7.9
569,Let the Right One In,2008,114,210000,610,503,7.9
570,Dial M for Murder,1954,105,166000,386,113,8.2
571,How to Train Your Dragon 2,2014,102,316000,427,319,7.8
572,Mother,2009,129,58000,158,223,7.8
573,Hotel Rwanda,2004,121,342000,689,157,8.1
574,I Am Sam,2001,132,146000,485,119,7.6
575,Ghost in the Shell,1995,83,135000,337,121,8.0
576,Serpico,1973,130,116000,218,123,7.7
577,The Bridge on the River Kwai,1957,161,210000,356,103,8.1
578,The Best Offer,2013,131,113000,226,148,7.8
579,Pride,2014,119,54000,184,161,7.8
580,Finding Neverland,2004,106,202000,671,235,7.7
581,Gandhi,1982,191,223000,311,114,8.0
582,Beasts of No Nation,2015,137,77000,187,191,7.7
583,Togo,2019,113,42000,428,44,8.0
584,Solaris,1972,167,86000,317,207,8.1
585,Glory,1989,122,129000,479,69,7.8
586,21 Grams,2003,124,230000,582,189,7.6
587,The Name of the Rose,1986,130,105000,186,80,7.7
588,The Searchers,1956,119,85000,518,119,7.9
589,Doctor Zhivago,1965,197,72000,318,107,8.0
590,Cinderella Man,2005,144,181000,604,215,8.0
591,Good Bye Lenin!,2003,121,141000,249,161,7.7
592,Persona,1966,83,110000,255,150,8.1
593,Ed Wood,1994,127,170000,474,106,7.8
594,Miller's Crossing,1990,115,131000,366,156,7.7
595,Love's a Bitch,2000,154,231000,412,168,8.1
596,M,1931,99,150000,387,173,8.3
597,All That Jazz,1979,123,30000,176,99,7.9
598,Paths of Glory,1957,88,186000,464,169,8.4
599,Evil Dead II,1987,84,153000,629,303,7.7
600,Mommy,2014,139,53000,84,259,8.1
601,A Streetcar Named Desire,1951,122,104000,300,94,8.0
602,The Right Stuff,1983,193,59000,204,78,7.8
603,Wings of Desire,1987,128,68000,257,114,8.0
604,Letters from Iwo Jima,2006,141,158000,359,246,7.9
605,The Remains of the Day,1993,134,69000,218,70,7.8
606,Miracle in Cell No. 7,2019,132,42000,404,17,8.2
607,Uri: The Surgical Strike,2018,138,49000,987,20,8.2
608,Nosferatu,1922,94,92000,442,217,7.9
609,The Man Who Shot Liberty Valance,1962,123,72000,278,100,8.1
610,Charade,1963,113,72000,335,89,7.9
611,Paprika,2006,90,76000,151,167,7.7
612,South Park: Bigger  Longer & Uncut,1999,81,198000,973,146,7.7
613,Rio Bravo,1959,141,59000,243,81,8.0
614,Confessions,2010,106,37000,133,122,7.7
615,Spring  Summer  Fall  Winter... and Spring,2003,103,80000,213,72,8.0
616,Roman Holiday,1953,118,133000,316,136,8.0
617,The Wind Rises,2013,126,78000,177,330,7.8
618,The Artist,2011,100,235000,707,596,7.9
619,Nausicaä of the Valley of the Wind,1984,117,159000,263,133,8.1
620,The Long Goodbye,1973,112,28000,187,120,7.6
621,Shoplifters,2018,121,69000,212,280,7.9
622,8½,1963,138,113000,293,125,8.0
623,The Body,2012,112,61000,113,54,7.6
624,Escape from Alcatraz,1979,112,126000,199,83,7.6
625,Hero,2002,120,177000,884,157,7.9
626,Dancer in the Dark,2000,140,106000,738,140,8.0
627,All the President's Men,1976,138,109000,266,156,8.0
628,Fiddler on the Roof,1971,181,41000,176,76,8.0
629,Castle in the Sky,1986,125,156000,253,162,8.0
630,Rope,1948,80,135000,425,128,8.0
631,Yojimbo,1961,110,116000,217,135,8.2
632,High Noon,1952,85,100000,413,147,8.0
633,God's Own Country,2017,104,28000,176,142,7.7
634,October Sky,1999,108,86000,397,98,7.8
635,Kramer vs. Kramer,1979,105,138000,252,101,7.8
636,Paper Moon,1973,102,44000,165,60,8.1
637,Detachment,2011,98,80000,185,148,7.7
638,Pink Floyd: The Wall,1982,95,78000,302,69,8.0
639,Happiness,1998,134,68000,528,112,7.7
640,The Great Beauty,2013,141,84000,188,302,7.8
641,Badlands,1973,94,69000,247,141,7.8
642,Fanny and Alexander,1982,188,60000,154,108,8.1
643,Barton Fink,1991,116,117000,274,152,7.7
644,Witness for the Prosecution,1957,116,115000,288,107,8.4
645,Gangs of Wasseypur,2012,321,89000,274,114,8.2
646,Sabrina,1954,113,62000,208,98,7.7
647,Malcolm X,1992,202,90000,202,85,7.7
648,Cabaret,1972,124,52000,210,103,7.8
649,A Little Princess,1995,97,33000,130,32,7.7
650,Kelly's Heroes,1970,144,47000,227,51,7.6
651,My Left Foot,1989,103,71000,111,55,7.9
652,Stagecoach,1939,96,46000,451,112,7.9
653,The Maltese Falcon,1941,100,153000,440,141,8.0
654,Three Colors: Red,1994,99,97000,183,78,8.1
655,The Taking of Pelham One Two Three,1974,104,28000,214,116,7.7
656,The Treasure of the Sierra Madre,1948,126,119000,299,103,8.2
657,Rashomon,1950,88,159000,365,147,8.2
658,The Raid 2,2014,150,118000,364,470,8.0
659,The Sweet Life,1960,174,70000,212,164,8.0
660,Rebel Without a Cause,1955,111,87000,350,171,7.7
661,Three Colors: Blue,1993,94,96000,215,89,7.9
662,Harold and Maude,1971,91,75000,354,98,7.9
663,Drishyam 2,2021,152,30000,1000,17,8.6
664,Loving Vincent,2017,94,54000,218,196,7.8
665,The Man from Nowhere,2010,119,66000,179,113,7.8
666,The Night of the Hunter,1955,92,85000,480,218,8.0
667,Lifeboat,1944,97,28000,170,67,7.6
668,The Killing,1956,84,85000,414,117,8.0
669,Short Term 12,2013,96,85000,184,270,8.0
670,Like Stars on Earth,2007,165,179000,427,36,8.4
671,The Third Man,1949,93,164000,498,261,8.1
672,In the Heat of the Night,1967,110,71000,243,97,7.9
673,Me and Earl and the Dying Girl,2015,105,127000,236,318,7.7
674,The Last Emperor,1987,163,98000,184,89,7.7
675,Mysterious Skin,2004,105,67000,256,153,7.6
676,Double Indemnity,1944,107,149000,430,154,8.3
677,Mary and Max,2009,92,170000,251,184,8.1
678,The Odd Couple,1968,105,33000,144,74,7.7
679,Anatomy of a Murder,1959,161,63000,253,122,8.0
680,Mirror,1975,107,43000,147,84,8.1
681,Black Book,2006,145,74000,259,239,7.7
682,Watership Down,1978,91,35000,208,76,7.6
683,The Celebration,1998,105,83000,283,110,8.1
684,Secrets & Lies,1996,136,41000,169,64,8.0
685,PK,2014,153,171000,637,76,8.1
686,Ray,2004,152,142000,470,192,7.7
687,A Man Called Ove,2015,116,50000,114,158,7.7
688,Being There,1979,130,69000,350,125,8.0
689,The Chaser,2008,125,62000,166,139,7.8
690,Land of Mine,2015,100,38000,96,160,7.8
691,Dead Man's Shoes,2004,90,51000,281,98,7.6
692,Red River,1948,133,30000,206,86,7.8
693,The Philadelphia Story,1940,112,66000,250,83,7.9
694,Notorious,1946,102,97000,366,153,8.0
695,Days of Heaven,1978,94,55000,230,126,7.8
696,Zindagi Na Milegi Dobara,2011,155,72000,209,32,8.2
697,The Great Dictator,1940,125,212000,298,117,8.4
698,25th Hour,2002,135,174000,482,192,7.6
699,Gaslight,1944,114,26000,164,82,7.8
700,Amour,2012,127,96000,237,470,7.9
701,The Big Sleep,1946,114,82000,297,122,7.9
702,The Quiet Man,1952,129,36000,280,109,7.8
703,Modern Times,1936,87,227000,331,120,8.5
704,Withnail & I,1987,107,42000,228,106,7.6
705,A Prophet,2009,155,96000,171,267,7.9
706,King Kong,1933,100,82000,545,179,7.9
707,Freaks,1932,64,44000,291,169,7.9
708,Ayla: The Daughter of War,2017,125,37000,78,16,8.4
709,The Straight Story,1999,112,86000,463,161,8.0
710,Nebraska,2013,115,115000,325,449,7.7
711,Whisper of the Heart,1995,111,56000,170,84,7.9
712,The Best Years of Our Lives,1946,170,61000,319,132,8.1
713,The Station Agent,2003,89,69000,310,165,7.6
714,Breathless,1960,90,76000,227,218,7.8
715,Manhattan,1979,96,136000,273,119,7.9
716,The Hustler,1961,134,79000,221,119,8.0
717,Talk to Her,2002,112,108000,276,91,7.9
718,A Christmas Story,1983,93,137000,534,90,7.9
719,Key Largo,1948,100,39000,191,71,7.8
720,Kubo and the Two Strings,2016,101,122000,303,312,7.8
721,Zulu,1964,138,38000,276,44,7.7
722,Run Lola Run,1998,80,193000,757,202,7.7
723,From Here to Eternity,1953,118,45000,193,128,7.6
724,Sympathy for Mr. Vengeance,2002,129,65000,154,151,7.6
725,Death Note,2006,126,30000,104,78,7.7
726,Short Cuts,1993,188,44000,150,66,7.7
727,Ikiru,1952,143,73000,236,136,8.3
728,High and Low,1963,143,39000,143,97,8.4
729,Hamlet,1996,242,37000,263,85,7.7
730,Pather Panchali,1955,125,28000,167,122,8.5
731,All About My Mother,1999,101,92000,254,83,7.9
732,The Verdict,1982,129,38000,194,94,7.7
733,The Day the Earth Stood Still,1951,92,79000,449,144,7.7
734,The Manchurian Candidate,1962,126,73000,358,128,7.9
735,Frankenstein,1931,70,68000,627,131,7.8
736,Open Your Eyes,1997,119,67000,229,92,7.7
737,Control,2007,122,63000,167,193,7.7
738,Hedwig and the Angry Inch,2001,95,34000,243,124,7.7
739,Tokyo Story,1953,136,57000,184,117,8.2
740,Autumn Sonata,1978,99,31000,94,75,8.2
741,The Day of the Jackal,1973,143,39000,230,73,7.8
742,Victoria,2015,138,56000,201,272,7.6
743,The Red Shoes,1948,135,33000,186,119,8.1
744,It Happened One Night,1934,105,98000,322,124,8.1
745,Perfect Strangers,2016,96,60000,62,74,7.8
746,The Man Who Would Be King,1975,129,47000,209,45,7.8
747,Chhichhore,2019,143,42000,707,17,8.3
748,In a Lonely Place,1950,94,29000,204,119,8.0
749,Breaking the Waves,1996,159,64000,244,95,7.8
750,Belle de Jour,1967,100,42000,139,157,7.7
751,Infernal Affairs,2002,101,121000,225,180,8.0
752,A Hard Day's Night,1964,87,43000,263,95,7.6
753,Bicycle Thieves,1948,89,155000,335,135,8.3
754,The Grapes of Wrath,1940,129,89000,361,103,8.1
755,Porco Rosso,1992,94,83000,139,99,7.7
756,The 400 Blows,1959,99,111000,229,177,8.1
757,Wild Strawberries,1957,91,101000,207,104,8.2
758,Judgment at Nuremberg,1961,179,73000,236,109,8.2
759,Fantasia,1940,125,91000,358,127,7.7
760,Philomena,2013,98,97000,270,358,7.6
761,The Muppet Movie,1979,95,34000,123,84,7.6
762,The Legend of 1900,1998,169,61000,286,64,8.1
763,East of Eden,1955,118,43000,214,98,7.9
764,Invasion of the Body Snatchers,1956,80,47000,269,157,7.7
765,Children of Heaven,1997,89,70000,196,62,8.3
766,Touch of Evil,1958,95,101000,341,124,8.0
767,Duck  You Sucker!,1971,138,33000,156,96,7.6
768,La Vie En Rose,2007,140,85000,263,221,7.6
769,The Lion in Winter,1968,134,30000,195,68,7.9
770,Delicatessen,1991,99,83000,196,65,7.6
771,Aguirre  the Wrath of God,1972,95,55000,250,179,7.9
772,When Marnie Was There,2014,103,36000,109,183,7.7
773,The White Ribbon,2009,144,71000,222,291,7.8
774,Song of the Sea,2014,93,55000,148,165,8.1
775,The Vanishing,1988,107,37000,233,102,7.7
776,Andrei Rublev,1966,205,50000,179,118,8.1
777,The Hidden Fortress,1958,126,37000,120,105,8.1
778,City Lights,1931,87,175000,314,129,8.5
779,The Visitor,2007,104,42000,172,237,7.6
780,Cat on a Hot Tin Roof,1958,108,47000,183,88,8.0
781,Fantastic Planet,1973,72,28000,139,99,7.8
782,Inherit the Wind,1960,128,29000,207,82,8.1
783,Cape Fear,1962,106,28000,179,92,7.7
784,Dara of Jasenovac,2020,130,79000,878,29,8.9
785,Waking Life,2001,99,62000,524,147,7.8
786,The Adventures of Robin Hood,1938,102,49000,294,115,7.9
787,To Have and Have Not,1944,100,33000,177,95,7.8
788,The Wave,2008,107,105000,128,102,7.6
789,Hannah and Her Sisters,1986,107,69000,191,87,7.9
790,Once Were Warriors,1994,102,33000,312,62,7.9
791,A Very Long Engagement,2004,133,72000,253,192,7.6
792,Laura,1944,88,45000,291,130,8.0
793,Mr. Smith Goes to Washington,1939,129,111000,318,96,8.1
794,The Message,1976,177,46000,165,21,8.2
795,Scarface,1932,93,27000,410,73,7.8
796,The Diving Bell and the Butterfly,2007,112,105000,202,276,8.0
797,Frost/Nixon,2008,122,106000,276,305,7.7
798,The Sacrifice,1986,149,26000,97,93,8.0
799,The Motorcycle Diaries,2004,126,99000,308,193,7.8
800,Adam's Apples,2005,94,48000,70,95,7.8
801,Le Samouraï,1967,101,48000,143,111,8.1
802,Lagaan: Once Upon a Time in India,2001,224,109000,303,77,8.1
803,The Salesman,2016,124,56000,116,315,7.7
804,The Tenant,1976,126,42000,191,102,7.7
805,Drishyam,2015,163,76000,272,41,8.2
806,Sweet Smell of Success,1957,96,30000,171,136,8.0
807,The Kid,1921,68,119000,217,114,8.3
808,The Sea Inside,2004,126,80000,146,161,8.0
809,The Tale of The Princess Kaguya,2013,137,42000,149,190,8.0
810,Bajrangi Bhaijaan,2015,163,80000,393,58,8.0
811,Fitzcarraldo,1982,158,33000,108,100,8.1
812,3-Iron,2004,88,53000,144,182,8.0
813,Batman: Mask of the Phantasm,1993,76,46000,193,71,7.8
814,Repulsion,1965,105,51000,245,119,7.7
815,Night on Earth,1991,129,58000,112,65,7.7
816,Les yeux sans visage,1960,90,29000,173,126,7.7
817,Shadow of a Doubt,1943,108,62000,281,93,7.8
818,Diabolique,1955,117,64000,201,151,8.1
819,Lilya 4-Ever,2002,109,44000,228,116,7.8
820,Throne of Blood,1957,110,49000,162,110,8.1
821,Leviathan,2014,140,51000,138,288,7.6
822,The Bandit,1996,128,67000,70,7,8.2
823,His Girl Friday,1940,92,56000,433,110,7.9
824,Bhaag Milkha Bhaag,2013,186,64000,209,51,8.2
825,Cowboy Bebop: The Movie,2001,115,45000,139,69,7.9
826,Interstate 60: Episodes of the Road,2002,116,31000,141,21,7.7
827,Evil,2003,113,37000,99,70,7.8
828,Gilda,1946,110,31000,181,102,7.6
829,Nights of Cabiria,1957,110,45000,113,105,8.1
830,Kagemusha,1980,162,34000,116,86,8.0
831,Chak De! India,2007,153,77000,139,69,8.2
832,Gully Boy,2019,154,35000,482,47,8.0
833,The Cabinet of Dr. Caligari,1920,67,60000,253,178,8.1
834,Elite Squad,2007,115,100000,130,148,8.0
835,Wolf Children,2012,117,41000,113,87,8.1
836,Hard Boiled,1992,128,48000,286,109,7.8
837,Amarcord,1973,123,41000,127,113,7.9
838,Underground,1995,167,57000,151,50,8.1
839,The Conformist,1970,113,29000,120,132,8.0
840,Three Colors: White,1994,92,69000,110,69,7.6
841,All Quiet on the Western Front,1930,152,59000,255,94,8.1
842,Lupin III: The Castle of Cagliostro,1979,102,29000,103,101,7.6
843,The Bride of Frankenstein,1935,75,45000,303,128,7.8
844,The 39 Steps,1935,86,54000,275,121,7.7
845,To Be or Not to Be,1942,99,33000,152,83,8.2
846,Nobody Knows,2004,141,26000,120,140,8.1
847,I  Daniel Blake,2016,100,57000,193,260,7.9
848,The Wages of Fear,1953,131,58000,180,147,8.1
849,Persepolis,2007,96,91000,179,262,8.0
850,Taste of Cherry,1997,95,27000,116,108,7.8
851,Peeping Tom,1960,101,33000,195,130,7.7
852,The Lady Vanishes,1938,96,50000,248,110,7.8
853,Cries & Whispers,1972,91,32000,221,98,8.1
854,The Return,2003,110,44000,201,116,8.0
855,Baahubali: The Beginning,2015,159,108000,536,60,8.0
856,Bringing Up Baby,1938,102,59000,310,103,7.9
857,The Umbrellas of Cherbourg,1964,91,25000,163,134,7.8
858,The Thin Man,1934,91,28000,160,79,8.0
859,The Innocents,1961,100,28000,242,137,7.8
860,The Lunchbox,2013,104,53000,240,213,7.8
861,Vikram Vedha,2017,147,33000,175,18,8.4
862,Shine,1996,105,53000,122,67,7.7
863,My Name Is Khan,2010,165,102000,316,214,8.0
864,Rififi,1955,118,32000,140,108,8.1
865,The Secret of Kells,2009,75,34000,103,131,7.6
866,Fearless,2006,104,74000,214,61,7.6
867,Article 15,2019,130,27000,344,35,8.2
868,K.G.F: Chapter 1,2018,156,46000,1100,13,8.3
869,The Little Prince,2015,108,59000,148,162,7.7
870,The Invisible Man,1933,71,32000,217,118,7.7
871,Love and Death,1975,85,37000,125,49,7.7
872,The World's Fastest Indian,2005,127,53000,270,129,7.8
873,Brief Encounter,1945,86,38000,242,144,8.0
874,Sunrise,1927,94,49000,274,122,8.1
875,Munna Bhai M.B.B.S.,2003,156,77000,92,6,8.1
876,Pink,2016,136,42000,227,33,8.1
877,Down by Law,1986,107,50000,116,85,7.7
878,Loveless,2017,127,31000,81,253,7.6
879,Kal Ho Naa Ho,2003,186,66000,158,57,7.9
880,The Experiment,2001,120,92000,181,115,7.7
881,Stalag 17,1953,120,54000,168,103,8.0
882,After the Wedding,2006,120,33000,119,138,7.7
883,La Strada,1954,108,61000,161,117,8.0
884,Dilwale Dulhania Le Jayenge,1995,181,66000,162,25,8.1
885,Tokyo Godfathers,2003,92,34000,70,104,7.8
886,Ivan's Childhood,1962,95,34000,85,90,8.1
887,My Sassy Girl,2001,137,47000,184,55,8.0
888,Arsenic and Old Lace,1943,118,68000,299,64,8.0
889,The Postman,1994,108,35000,129,40,7.7
890,The Girl Who Leapt Through Time,2006,98,63000,106,83,7.7
891,The Past,2013,130,47000,103,323,7.7
892,Darbareye Elly,2009,119,50000,93,152,8.0
893,Swades,2004,189,87000,315,81,8.2
894,Sleuth,1972,138,46000,172,62,8.0
895,The General,1926,67,86000,312,120,8.1
896,Winter Sleep,2014,196,49000,125,209,8.1
897,The Battle of Algiers,1966,121,56000,303,157,8.1
898,Head-On,2004,121,53000,90,123,7.9
899,Ninja Scroll,1993,94,36000,125,28,7.9
900,Only Yesterday,1991,118,29000,118,77,7.6
901,Time of the Gypsies,1988,142,29000,305,33,8.2
902,Rang De Basanti,2006,167,116000,388,43,8.1
903,L'Avventura,1960,144,28000,120,120,7.9
904,The Discreet Charm of the Bourgeoisie,1972,102,41000,93,94,7.9
905,Kahaani,2012,122,60000,202,49,8.1
906,Hera Pheri,2000,156,61000,108,4,8.2
907,G.O.R.A.,2004,127,59000,72,15,8.0
908,Harvey,1950,104,54000,248,86,7.9
909,M.S. Dhoni: The Untold Story,2016,184,46000,244,38,7.9
910,Departures,2008,130,50000,163,179,8.1
911,Farewell My Concubine,1993,171,26000,126,45,8.1
912,Ace in the Hole,1951,111,34000,196,126,8.1
913,Badhaai Ho,2018,124,31000,245,21,8.0
914,The Gold Rush,1925,95,106000,208,127,8.2
915,Hindi Medium,2017,132,26000,105,23,7.9
916,Queen,2013,146,63000,234,48,8.2
917,The Broken Circle Breakdown,2012,111,40000,74,210,7.7
918,My Father and My Son,2005,112,83000,135,7,8.3
919,Crimes and Misdemeanors,1989,104,56000,189,107,7.9
920,Sanjuro,1962,96,36000,89,63,8.1
921,Vivre Sa Vie,1962,85,30000,66,109,8.0
922,In America,2002,105,42000,285,139,7.7
923,Millennium Actress,2001,87,25000,78,86,7.9
924,Au Revoir les Enfants,1987,104,32000,109,82,8.0
925,The Passion of Joan of Arc,1928,114,51000,210,141,8.1
926,Miracle on 34th Street,1947,96,44000,198,97,7.9
927,Jules and Jim,1962,105,39000,140,128,7.8
928,The Purple Rose of Cairo,1985,82,50000,164,94,7.7
929,The Triplets of Belleville,2003,80,53000,318,179,7.8
930,4 Months  3 Weeks and 2 Days,2007,113,58000,193,200,7.9
931,Battleship Potemkin,1925,66,55000,219,94,8.0
932,The Ladykillers,1955,91,28000,157,87,7.7
933,The Exterminating Angel,1962,95,32000,100,97,8.1
934,Rockstar,2011,159,42000,183,35,7.7
935,Fireworks,1997,103,29000,136,82,7.8
936,The Killer,1989,111,47000,251,97,7.8
937,In a Better World,2010,118,39000,101,212,7.6
938,Celda 211,2009,113,66000,71,129,7.6
939,Hiroshima Mon Amour,1959,90,30000,116,132,7.9
940,Baahubali 2: The Conclusion,2017,167,80000,536,64,8.2
941,Drishyam,2013,160,38000,130,12,8.3
942,Black Cat  White Cat,1998,127,52000,108,71,8.1
943,Waltz with Bashir,2008,90,56000,168,243,8.0
944,Joint Security Area,2000,110,28000,96,109,7.8
945,Veer-Zaara,2004,192,51000,161,32,7.8
946,Vampire Hunter D: Bloodlust,2000,103,30000,114,65,7.7
947,No Man's Land,2001,98,46000,185,109,7.9
948,White Heat,1949,114,31000,196,87,8.1
949,Special 26,2013,144,53000,141,32,8.0
950,Masaan,2015,109,26000,107,44,8.2
951,Duck Soup,1933,69,59000,289,81,7.8
952,The Shop Around the Corner,1940,99,30000,172,79,8.1
953,The Virgin Spring,1960,89,28000,110,112,8.1
954,Tangerines,2013,87,44000,108,124,8.2
955,The Magdalene Sisters,2002,114,27000,200,159,7.7
956,Udaan,2010,134,44000,111,29,8.2
957,Haider,2014,160,52000,260,57,8.1
958,Talvar,2015,132,33000,103,40,8.2
959,The Lost Weekend,1945,101,35000,168,128,7.9
960,Raise the Red Lantern,1991,125,31000,124,48,8.1
961,Elite Squad 2: The Enemy Within,2010,115,81000,86,141,8.0
962,The Muppet Christmas Carol,1992,85,52000,197,86,7.7
963,Once Upon a Time in Anatolia,2011,157,44000,125,192,7.9
964,Baby,2015,159,55000,239,25,8.0
965,Nine Queens,2000,114,51000,130,104,7.9
966,Raazi,2018,138,28000,198,35,7.8
967,Black,2005,122,34000,183,30,8.2
968,Barfi!,2012,151,78000,259,63,8.1
969,The Chorus,2004,97,59000,130,125,7.9
970,Sholay,1975,162,53000,177,27,8.2
971,Kind Hearts and Coronets,1949,106,36000,163,114,8.0
972,Jab We Met,2007,138,50000,95,16,7.9
973,Sherlock Jr.,1924,45,45000,333,75,8.2
974,La Grande Illusion,1937,113,35000,145,94,8.1
975,Le Dîner de Cons,1998,80,40000,112,64,7.7
976,Knockin' on Heaven's Door,1997,87,29000,52,19,7.9
977,Udta Punjab,2016,148,29000,136,32,7.8
978,A Wednesday,2008,104,76000,157,14,8.1
979,English Vinglish,2012,134,35000,122,62,7.8
980,Tae Guk Gi: The Brotherhood of War,2004,140,39000,246,85,8.0
981,The Rules of the Game,1939,110,28000,113,117,8.0
982,Central Station,1998,110,38000,279,71,8.0
983,Airlift,2016,130,55000,213,42,8.0
984,Joyeux Noel,2005,116,29000,163,126,7.7
985,C.R.A.Z.Y.,2005,129,32000,101,73,7.9
986,The Circus,1928,72,32000,342,73,8.1
987,Paan Singh Tomar,2012,135,35000,99,27,8.2
988,Carry On  Munna Bhai,2006,144,45000,118,15,8.0
989,Andaz Apna Apna,1994,160,52000,123,5,8.1
990,Dev.D,2009,144,30000,134,17,8.0
991,A Night at the Opera,1935,96,32000,165,54,7.9
992,Zelig,1983,79,41000,122,69,7.7
993,OMG: Oh My God!,2012,125,55000,142,39,8.1
994,Vicky Donor,2012,126,41000,77,20,7.8
995,Anand,1971,122,33000,135,12,8.2
996,Kai Po Che,2013,120,35000,139,37,7.8
997,The Edge of Heaven,2007,122,31000,66,152,7.8
998,Vizontele,2001,110,35000,22,7,8.0
999,Nefes: Vatan Sagolsun,2009,128,33000,60,7,8.0
